Invoice ID,Branch,City,Customer type,Gender,Product line,Unit price,Quantity,Tax 5%,Sales,Date,Time,Payment,cogs,gross margin percentage,gross income,Rating
101-81-4070,Giza,"Giza, Egypt",Member,Female,Health and beauty,62.82,2,6.282,131.922,2019-01-17 00:00:00,1899-12-31 12:36:00,Ewallet,125.64,4.761904762,6.282,4.9
102-06-2002,Giza,"Giza, Egypt",Member,Male,Sports and travel,25.25,5,6.3125,132.5625,2019-03-20 00:00:00,1899-12-31 17:52:00,Cash,126.25,4.761904762,6.3125,6.1
102-77-2261,Giza,"Giza, Egypt",Member,Male,Health and beauty,65.31,7,22.8585,480.0285,2019-03-05 00:00:00,1899-12-31 18:02:00,Credit card,457.17,4.761904762,22.8585,4.2
110-05-6330,Giza,"Giza, Egypt",Normal,Female,Food and beverages,39.43,6,11.829,248.409,2019-03-25 00:00:00,1899-12-31 20:18:00,Credit card,236.58,4.761904762,11.829,9.4
115-38-7388,Giza,"Giza, Egypt",Member,Female,Fashion accessories,10.18,8,4.072,85.512,2019-03-30 00:00:00,1899-12-31 12:51:00,Credit card,81.44,4.761904762,4.072,9.5
118-62-1812,Giza,"Giza, Egypt",Member,Female,Home and lifestyle,78.38,4,15.676,329.196,2019-03-24 00:00:00,1899-12-31 17:56:00,Cash,313.52,4.761904762,15.676,7.9
120-06-4233,Giza,"Giza, Egypt",Member,Female,Electronic accessories,30.61,6,9.183,192.843,2019-03-12 00:00:00,1899-12-31 20:36:00,Cash,183.66,4.761904762,9.183,9.3
122-61-9553,Giza,"Giza, Egypt",Normal,Female,Electronic accessories,51.32,9,23.094,484.974,2019-03-14 00:00:00,1899-12-31 19:33:00,Cash,461.88,4.761904762,23.094,5.6
123-35-4896,Giza,"Giza, Egypt",Normal,Female,Sports and travel,46.66,9,20.997,440.937,2019-02-17 00:00:00,1899-12-31 19:11:00,Ewallet,419.94,4.761904762,20.997,5.3
130-98-8941,Giza,"Giza, Egypt",Normal,Male,Fashion accessories,64.26,7,22.491,472.311,2019-02-09 00:00:00,1899-12-31 10:00:00,Cash,449.82,4.761904762,22.491,5.7
131-15-8856,Giza,"Giza, Egypt",Member,Female,Food and beverages,72.52,8,29.008,609.168,2019-03-30 00:00:00,1899-12-31 19:26:00,Credit card,580.16,4.761904762,29.008,4
133-14-7229,Giza,"Giza, Egypt",Normal,Male,Health and beauty,62.87,2,6.287,132.027,2019-01-01 00:00:00,1899-12-31 11:43:00,Cash,125.74,4.761904762,6.287,5
137-63-5492,Giza,"Giza, Egypt",Normal,Male,Electronic accessories,58.76,10,29.38,616.98,2019-01-29 00:00:00,1899-12-31 14:26:00,Ewallet,587.6,4.761904762,29.38,9
137-74-8729,Giza,"Giza, Egypt",Normal,Female,Fashion accessories,12.19,8,4.876,102.396,2019-03-13 00:00:00,1899-12-31 12:47:00,Ewallet,97.52,4.761904762,4.876,6.8
139-52-2867,Giza,"Giza, Egypt",Normal,Female,Fashion accessories,22.51,7,7.8785,165.4485,2019-02-13 00:00:00,1899-12-31 10:50:00,Credit card,157.57,4.761904762,7.8785,4.8
142-72-4741,Giza,"Giza, Egypt",Member,Male,Fashion accessories,93.2,2,9.32,195.72,2019-02-28 00:00:00,1899-12-31 18:37:00,Credit card,186.4,4.761904762,9.32,6
148-41-7930,Giza,"Giza, Egypt",Normal,Male,Health and beauty,99.96,7,34.986,734.706,2019-01-23 00:00:00,1899-12-31 10:33:00,Cash,699.72,4.761904762,34.986,6.1
148-82-2527,Giza,"Giza, Egypt",Member,Female,Home and lifestyle,12.12,10,6.06,127.26,2019-03-05 00:00:00,1899-12-31 13:44:00,Credit card,121.2,4.761904762,6.06,8.4
149-14-0304,Giza,"Giza, Egypt",Member,Female,Health and beauty,28.5,8,11.4,239.4,2019-02-06 00:00:00,1899-12-31 14:24:00,Cash,228,4.761904762,11.4,6.6
151-27-8496,Giza,"Giza, Egypt",Normal,Female,Electronic accessories,56.13,4,11.226,235.746,2019-01-19 00:00:00,1899-12-31 11:43:00,Ewallet,224.52,4.761904762,11.226,8.6
153-58-4872,Giza,"Giza, Egypt",Member,Female,Food and beverages,74.89,4,14.978,314.538,2019-03-01 00:00:00,1899-12-31 15:32:00,Ewallet,299.56,4.761904762,14.978,4.2
154-87-7367,Giza,"Giza, Egypt",Normal,Male,Home and lifestyle,65.26,8,26.104,548.184,2019-03-15 00:00:00,1899-12-31 14:04:00,Ewallet,522.08,4.761904762,26.104,6.3
155-45-3814,Giza,"Giza, Egypt",Member,Female,Electronic accessories,88.55,8,35.42,743.82,2019-03-19 00:00:00,1899-12-31 15:29:00,Ewallet,708.4,4.761904762,35.42,4.7
162-65-8559,Giza,"Giza, Egypt",Member,Male,Food and beverages,68.98,1,3.449,72.429,2019-01-21 00:00:00,1899-12-31 20:13:00,Cash,68.98,4.761904762,3.449,4.8
163-56-7055,Giza,"Giza, Egypt",Member,Female,Fashion accessories,48.71,1,2.4355,51.1455,2019-03-26 00:00:00,1899-12-31 19:20:00,Cash,48.71,4.761904762,2.4355,4.1
173-57-2300,Giza,"Giza, Egypt",Member,Male,Sports and travel,72.88,2,7.288,153.048,2019-03-13 00:00:00,1899-12-31 12:51:00,Cash,145.76,4.761904762,7.288,6.1
174-36-3675,Giza,"Giza, Egypt",Member,Male,Food and beverages,99.37,2,9.937,208.677,2019-02-14 00:00:00,1899-12-31 17:29:00,Cash,198.74,4.761904762,9.937,5.2
176-78-1170,Giza,"Giza, Egypt",Member,Male,Health and beauty,33.81,3,5.0715,106.5015,2019-01-26 00:00:00,1899-12-31 15:11:00,Ewallet,101.43,4.761904762,5.0715,7.3
181-94-6432,Giza,"Giza, Egypt",Member,Male,Fashion accessories,69.33,2,6.933,145.593,2019-02-05 00:00:00,1899-12-31 19:05:00,Ewallet,138.66,4.761904762,6.933,9.7
183-21-3799,Giza,"Giza, Egypt",Normal,Female,Electronic accessories,77.63,9,34.9335,733.6035,2019-02-19 00:00:00,1899-12-31 15:14:00,Ewallet,698.67,4.761904762,34.9335,7.2
183-56-6882,Giza,"Giza, Egypt",Member,Female,Food and beverages,99.42,4,19.884,417.564,2019-02-06 00:00:00,1899-12-31 10:42:00,Ewallet,397.68,4.761904762,19.884,7.5
186-09-3669,Giza,"Giza, Egypt",Member,Female,Health and beauty,81.51,1,4.0755,85.5855,2019-01-22 00:00:00,1899-12-31 10:57:00,Ewallet,81.51,4.761904762,4.0755,9.2
189-08-9157,Giza,"Giza, Egypt",Member,Female,Fashion accessories,31.73,9,14.2785,299.8485,2019-01-08 00:00:00,1899-12-31 16:17:00,Credit card,285.57,4.761904762,14.2785,5.9
189-40-5216,Giza,"Giza, Egypt",Normal,Male,Electronic accessories,96.37,7,33.7295,708.3195,2019-01-09 00:00:00,1899-12-31 11:40:00,Cash,674.59,4.761904762,33.7295,6
189-55-2313,Giza,"Giza, Egypt",Normal,Female,Fashion accessories,62.18,10,31.09,652.89,2019-01-31 00:00:00,1899-12-31 10:33:00,Ewallet,621.8,4.761904762,31.09,6
189-98-2939,Giza,"Giza, Egypt",Member,Female,Fashion accessories,78.55,9,35.3475,742.2975,2019-03-01 00:00:00,1899-12-31 13:22:00,Cash,706.95,4.761904762,35.3475,7.2
192-98-7397,Giza,"Giza, Egypt",Normal,Male,Fashion accessories,12.78,1,0.639,13.419,2019-01-08 00:00:00,1899-12-31 14:11:00,Ewallet,12.78,4.761904762,0.639,9.5
196-01-2849,Giza,"Giza, Egypt",Member,Female,Fashion accessories,73.38,7,25.683,539.343,2019-02-10 00:00:00,1899-12-31 13:56:00,Cash,513.66,4.761904762,25.683,9.5
200-16-5952,Giza,"Giza, Egypt",Member,Male,Food and beverages,65.65,2,6.565,137.865,2019-01-17 00:00:00,1899-12-31 16:46:00,Cash,131.3,4.761904762,6.565,6
201-63-8275,Giza,"Giza, Egypt",Member,Female,Sports and travel,67.99,7,23.7965,499.7265,2019-02-17 00:00:00,1899-12-31 16:50:00,Ewallet,475.93,4.761904762,23.7965,5.7
210-67-5886,Giza,"Giza, Egypt",Member,Female,Health and beauty,98.21,3,14.7315,309.3615,2019-02-05 00:00:00,1899-12-31 10:41:00,Credit card,294.63,4.761904762,14.7315,7.8
210-74-9613,Giza,"Giza, Egypt",Normal,Male,Fashion accessories,97.26,4,19.452,408.492,2019-03-16 00:00:00,1899-12-31 15:33:00,Ewallet,389.04,4.761904762,19.452,6.8
211-05-0490,Giza,"Giza, Egypt",Member,Female,Electronic accessories,51.92,5,12.98,272.58,2019-03-03 00:00:00,1899-12-31 13:42:00,Cash,259.6,4.761904762,12.98,7.5
211-30-9270,Giza,"Giza, Egypt",Normal,Male,Health and beauty,17.41,5,4.3525,91.4025,2019-01-28 00:00:00,1899-12-31 15:16:00,Credit card,87.05,4.761904762,4.3525,4.9
214-17-6927,Giza,"Giza, Egypt",Normal,Female,Food and beverages,16.48,6,4.944,103.824,2019-02-07 00:00:00,1899-12-31 18:23:00,Ewallet,98.88,4.761904762,4.944,9.9
219-61-4139,Giza,"Giza, Egypt",Normal,Male,Electronic accessories,83.08,1,4.154,87.234,2019-01-23 00:00:00,1899-12-31 17:16:00,Ewallet,83.08,4.761904762,4.154,6.4
225-32-0908,Giza,"Giza, Egypt",Member,Female,Sports and travel,44.86,10,22.43,471.03,2019-01-26 00:00:00,1899-12-31 19:54:00,Ewallet,448.6,4.761904762,22.43,8.2
225-98-1496,Giza,"Giza, Egypt",Member,Female,Fashion accessories,27.02,3,4.053,85.113,2019-03-02 00:00:00,1899-12-31 13:01:00,Credit card,81.06,4.761904762,4.053,7.1
226-31-3081,Giza,"Giza, Egypt",Normal,Female,Electronic accessories,15.28,5,3.82,80.22,2019-03-08 00:00:00,1899-12-31 10:29:00,Cash,76.4,4.761904762,3.82,9.6
226-71-3580,Giza,"Giza, Egypt",Normal,Female,Sports and travel,23.75,9,10.6875,224.4375,2019-01-31 00:00:00,1899-12-31 12:02:00,Cash,213.75,4.761904762,10.6875,9.5
227-07-4446,Giza,"Giza, Egypt",Member,Female,Electronic accessories,78.13,10,39.065,820.365,2019-02-10 00:00:00,1899-12-31 20:51:00,Cash,781.3,4.761904762,39.065,4.4
228-96-1411,Giza,"Giza, Egypt",Member,Female,Food and beverages,98.7,8,39.48,829.08,2019-03-04 00:00:00,1899-12-31 20:39:00,Cash,789.6,4.761904762,39.48,7.6
232-16-2483,Giza,"Giza, Egypt",Member,Female,Sports and travel,68.12,1,3.406,71.526,2019-01-07 00:00:00,1899-12-31 12:28:00,Ewallet,68.12,4.761904762,3.406,6.8
233-34-0817,Giza,"Giza, Egypt",Member,Female,Electronic accessories,98.84,1,4.942,103.782,2019-02-15 00:00:00,1899-12-31 11:21:00,Cash,98.84,4.761904762,4.942,8.4
233-67-5758,Giza,"Giza, Egypt",Normal,Male,Health and beauty,40.35,1,2.0175,42.3675,2019-01-29 00:00:00,1899-12-31 13:46:00,Ewallet,40.35,4.761904762,2.0175,6.2
234-65-2137,Giza,"Giza, Egypt",Normal,Male,Home and lifestyle,95.58,10,47.79,1003.59,2019-01-16 00:00:00,1899-12-31 13:32:00,Cash,955.8,4.761904762,47.79,4.8
235-06-8510,Giza,"Giza, Egypt",Member,Male,Home and lifestyle,85.72,3,12.858,270.018,2019-01-24 00:00:00,1899-12-31 20:59:00,Ewallet,257.16,4.761904762,12.858,5.1
235-46-8343,Giza,"Giza, Egypt",Member,Male,Food and beverages,27.66,10,13.83,290.43,2019-02-14 00:00:00,1899-12-31 11:26:00,Credit card,276.6,4.761904762,13.83,8.9
236-27-1144,Giza,"Giza, Egypt",Normal,Female,Food and beverages,16.31,9,7.3395,154.1295,2019-03-26 00:00:00,1899-12-31 10:31:00,Ewallet,146.79,4.761904762,7.3395,8.4
236-86-3015,Giza,"Giza, Egypt",Member,Male,Home and lifestyle,13.98,1,0.699,14.679,2019-02-04 00:00:00,1899-12-31 13:38:00,Ewallet,13.98,4.761904762,0.699,9.8
237-01-6122,Giza,"Giza, Egypt",Member,Female,Home and lifestyle,80.79,9,36.3555,763.4655,2019-02-01 00:00:00,1899-12-31 20:31:00,Credit card,727.11,4.761904762,36.3555,9.5
243-47-2663,Giza,"Giza, Egypt",Member,Male,Electronic accessories,18.77,6,5.631,118.251,2019-01-28 00:00:00,1899-12-31 16:43:00,Credit card,112.62,4.761904762,5.631,5.5
246-11-3901,Giza,"Giza, Egypt",Normal,Female,Electronic accessories,32.8,10,16.4,344.4,2019-02-15 00:00:00,1899-12-31 12:12:00,Cash,328,4.761904762,16.4,6.2
246-55-6923,Giza,"Giza, Egypt",Member,Female,Home and lifestyle,35.79,9,16.1055,338.2155,2019-03-10 00:00:00,1899-12-31 15:06:00,Credit card,322.11,4.761904762,16.1055,5.1
250-81-7186,Giza,"Giza, Egypt",Normal,Female,Electronic accessories,99.69,1,4.9845,104.6745,2019-02-27 00:00:00,1899-12-31 10:23:00,Credit card,99.69,4.761904762,4.9845,8
256-58-3609,Giza,"Giza, Egypt",Member,Male,Fashion accessories,91.98,1,4.599,96.579,2019-03-18 00:00:00,1899-12-31 15:29:00,Cash,91.98,4.761904762,4.599,9.8
257-73-1380,Giza,"Giza, Egypt",Member,Male,Sports and travel,82.93,4,16.586,348.306,2019-01-20 00:00:00,1899-12-31 16:51:00,Ewallet,331.72,4.761904762,16.586,9.6
258-69-7810,Giza,"Giza, Egypt",Normal,Female,Fashion accessories,36.85,5,9.2125,193.4625,2019-01-26 00:00:00,1899-12-31 18:53:00,Cash,184.25,4.761904762,9.2125,9.2
263-10-3913,Giza,"Giza, Egypt",Member,Female,Fashion accessories,49.04,9,22.068,463.428,2019-01-09 00:00:00,1899-12-31 14:20:00,Credit card,441.36,4.761904762,22.068,8.6
263-87-5680,Giza,"Giza, Egypt",Member,Female,Home and lifestyle,28.53,10,14.265,299.565,2019-03-18 00:00:00,1899-12-31 17:38:00,Ewallet,285.3,4.761904762,14.265,7.8
266-20-6657,Giza,"Giza, Egypt",Member,Male,Food and beverages,55.04,7,19.264,404.544,2019-03-12 00:00:00,1899-12-31 19:39:00,Ewallet,385.28,4.761904762,19.264,5.2
266-76-6436,Giza,"Giza, Egypt",Member,Female,Food and beverages,38.6,3,5.79,121.59,2019-03-28 00:00:00,1899-12-31 13:57:00,Ewallet,115.8,4.761904762,5.79,7.5
267-62-7380,Giza,"Giza, Egypt",Member,Male,Electronic accessories,82.34,10,41.17,864.57,2019-03-29 00:00:00,1899-12-31 19:12:00,Ewallet,823.4,4.761904762,41.17,4.3
268-20-3585,Giza,"Giza, Egypt",Normal,Female,Health and beauty,13.85,9,6.2325,130.8825,2019-02-04 00:00:00,1899-12-31 12:50:00,Ewallet,124.65,4.761904762,6.2325,6
271-77-8740,Giza,"Giza, Egypt",Member,Female,Sports and travel,29.22,6,8.766,184.086,2019-01-01 00:00:00,1899-12-31 11:40:00,Ewallet,175.32,4.761904762,8.766,5
271-88-8734,Giza,"Giza, Egypt",Member,Female,Fashion accessories,97.21,10,48.605,1020.705,2019-02-08 00:00:00,1899-12-31 13:00:00,Credit card,972.1,4.761904762,48.605,8.7
272-27-9238,Giza,"Giza, Egypt",Normal,Female,Food and beverages,41.24,4,8.248,173.208,2019-02-19 00:00:00,1899-12-31 16:23:00,Cash,164.96,4.761904762,8.248,7.1
273-84-2164,Giza,"Giza, Egypt",Member,Male,Electronic accessories,12.05,5,3.0125,63.2625,2019-02-16 00:00:00,1899-12-31 15:53:00,Ewallet,60.25,4.761904762,3.0125,5.5
277-35-5865,Giza,"Giza, Egypt",Member,Female,Food and beverages,98.97,9,44.5365,935.2665,2019-03-09 00:00:00,1899-12-31 11:23:00,Cash,890.73,4.761904762,44.5365,6.7
279-62-1445,Giza,"Giza, Egypt",Member,Female,Fashion accessories,12.54,1,0.627,13.167,2019-02-21 00:00:00,1899-12-31 12:38:00,Cash,12.54,4.761904762,0.627,8.2
280-17-4359,Giza,"Giza, Egypt",Member,Male,Health and beauty,90.5,10,45.25,950.25,2019-01-25 00:00:00,1899-12-31 13:48:00,Cash,905,4.761904762,45.25,8.1
283-26-5248,Giza,"Giza, Egypt",Member,Female,Food and beverages,98.52,10,49.26,1034.46,2019-01-30 00:00:00,1899-12-31 20:23:00,Ewallet,985.2,4.761904762,49.26,4.5
284-54-4231,Giza,"Giza, Egypt",Member,Male,Sports and travel,80.93,1,4.0465,84.9765,2019-01-19 00:00:00,1899-12-31 16:08:00,Credit card,80.93,4.761904762,4.0465,9
285-68-5083,Giza,"Giza, Egypt",Member,Female,Sports and travel,24.74,3,3.711,77.931,2019-02-15 00:00:00,1899-12-31 17:47:00,Credit card,74.22,4.761904762,3.711,10
286-43-6208,Giza,"Giza, Egypt",Normal,Female,Food and beverages,87.8,9,39.51,829.71,2019-03-16 00:00:00,1899-12-31 19:08:00,Cash,790.2,4.761904762,39.51,9.2
288-38-3758,Giza,"Giza, Egypt",Member,Female,Fashion accessories,84.87,3,12.7305,267.3405,2019-01-25 00:00:00,1899-12-31 18:30:00,Ewallet,254.61,4.761904762,12.7305,7.4
300-71-4605,Giza,"Giza, Egypt",Member,Female,Electronic accessories,86.04,5,21.51,451.71,2019-02-25 00:00:00,1899-12-31 11:24:00,Ewallet,430.2,4.761904762,21.51,4.8
302-15-2162,Giza,"Giza, Egypt",Member,Male,Health and beauty,46.53,6,13.959,293.139,2019-03-03 00:00:00,1899-12-31 10:54:00,Credit card,279.18,4.761904762,13.959,4.3
314-23-4520,Giza,"Giza, Egypt",Member,Male,Health and beauty,81.23,7,28.4305,597.0405,2019-01-15 00:00:00,1899-12-31 20:44:00,Cash,568.61,4.761904762,28.4305,9
315-22-5665,Giza,"Giza, Egypt",Member,Female,Home and lifestyle,73.56,10,36.78,772.38,2019-02-24 00:00:00,1899-12-31 11:38:00,Ewallet,735.6,4.761904762,36.78,8
318-81-2368,Giza,"Giza, Egypt",Normal,Female,Electronic accessories,46.2,1,2.31,48.51,2019-03-19 00:00:00,1899-12-31 12:16:00,Cash,46.2,4.761904762,2.31,6.3
320-32-8842,Giza,"Giza, Egypt",Member,Female,Food and beverages,22.62,1,1.131,23.751,2019-03-17 00:00:00,1899-12-31 18:58:00,Cash,22.62,4.761904762,1.131,6.4
320-49-6392,Giza,"Giza, Egypt",Normal,Female,Electronic accessories,30.24,1,1.512,31.752,2019-03-04 00:00:00,1899-12-31 15:44:00,Cash,30.24,4.761904762,1.512,8.4
324-41-6833,Giza,"Giza, Egypt",Member,Female,Electronic accessories,30.2,8,12.08,253.68,2019-03-03 00:00:00,1899-12-31 19:30:00,Ewallet,241.6,4.761904762,12.08,5.1
325-90-8763,Giza,"Giza, Egypt",Member,Female,Electronic accessories,46.57,10,23.285,488.985,2019-01-27 00:00:00,1899-12-31 13:58:00,Cash,465.7,4.761904762,23.285,7.6
326-71-2155,Giza,"Giza, Egypt",Normal,Female,Sports and travel,73.95,4,14.79,310.59,2019-02-03 00:00:00,1899-12-31 10:02:00,Cash,295.8,4.761904762,14.79,6.1
326-78-5178,Giza,"Giza, Egypt",Member,Female,Food and beverages,91.4,7,31.99,671.79,2019-02-03 00:00:00,1899-12-31 10:19:00,Cash,639.8,4.761904762,31.99,9.5
333-73-7901,Giza,"Giza, Egypt",Member,Female,Health and beauty,54.92,8,21.968,461.328,2019-03-23 00:00:00,1899-12-31 13:24:00,Ewallet,439.36,4.761904762,21.968,7.6
336-78-2147,Giza,"Giza, Egypt",Member,Female,Home and lifestyle,63.91,8,25.564,536.844,2019-03-13 00:00:00,1899-12-31 19:52:00,Credit card,511.28,4.761904762,25.564,4.6
338-65-2210,Giza,"Giza, Egypt",Member,Female,Health and beauty,68.6,10,34.3,720.3,2019-02-05 00:00:00,1899-12-31 19:57:00,Cash,686,4.761904762,34.3,9.1
339-18-7061,Giza,"Giza, Egypt",Member,Female,Fashion accessories,92.98,2,9.298,195.258,2019-02-13 00:00:00,1899-12-31 15:06:00,Credit card,185.96,4.761904762,9.298,8
342-65-4817,Giza,"Giza, Egypt",Member,Male,Health and beauty,86.8,3,13.02,273.42,2019-01-28 00:00:00,1899-12-31 16:47:00,Ewallet,260.4,4.761904762,13.02,9.9
343-87-0864,Giza,"Giza, Egypt",Member,Male,Health and beauty,75.88,1,3.794,79.674,2019-01-03 00:00:00,1899-12-31 10:30:00,Credit card,75.88,4.761904762,3.794,7.1
345-68-9016,Giza,"Giza, Egypt",Member,Female,Sports and travel,31.67,8,12.668,266.028,2019-01-02 00:00:00,1899-12-31 16:19:00,Credit card,253.36,4.761904762,12.668,5.6
358-88-9262,Giza,"Giza, Egypt",Member,Female,Food and beverages,87.48,6,26.244,551.124,2019-02-01 00:00:00,1899-12-31 18:43:00,Ewallet,524.88,4.761904762,26.244,5.1
360-39-5055,Giza,"Giza, Egypt",Member,Female,Sports and travel,48.91,5,12.2275,256.7775,2019-03-09 00:00:00,1899-12-31 10:17:00,Cash,244.55,4.761904762,12.2275,6.6
362-58-8315,Giza,"Giza, Egypt",Member,Female,Fashion accessories,76.52,5,19.13,401.73,2019-03-25 00:00:00,1899-12-31 10:23:00,Cash,382.6,4.761904762,19.13,9.9
364-34-2972,Giza,"Giza, Egypt",Member,Male,Electronic accessories,96.82,3,14.523,304.983,2019-03-30 00:00:00,1899-12-31 20:37:00,Cash,290.46,4.761904762,14.523,6.7
370-96-0655,Giza,"Giza, Egypt",Normal,Female,Fashion accessories,49.32,6,14.796,310.716,2019-01-09 00:00:00,1899-12-31 13:46:00,Ewallet,295.92,4.761904762,14.796,7.1
372-26-1506,Giza,"Giza, Egypt",Normal,Female,Fashion accessories,23.82,5,5.955,125.055,2019-01-28 00:00:00,1899-12-31 19:24:00,Ewallet,119.1,4.761904762,5.955,5.4
372-62-5264,Giza,"Giza, Egypt",Normal,Female,Food and beverages,52.6,9,23.67,497.07,2019-01-16 00:00:00,1899-12-31 14:42:00,Cash,473.4,4.761904762,23.67,7.6
373-09-4567,Giza,"Giza, Egypt",Normal,Male,Food and beverages,77.56,10,38.78,814.38,2019-03-14 00:00:00,1899-12-31 20:35:00,Ewallet,775.6,4.761904762,38.78,6.9
373-88-1424,Giza,"Giza, Egypt",Member,Male,Home and lifestyle,35.81,5,8.9525,188.0025,2019-02-06 00:00:00,1899-12-31 18:44:00,Ewallet,179.05,4.761904762,8.9525,7.9
376-56-3573,Giza,"Giza, Egypt",Normal,Female,Fashion accessories,95.42,4,19.084,400.764,2019-02-02 00:00:00,1899-12-31 13:23:00,Ewallet,381.68,4.761904762,19.084,6.4
377-79-7592,Giza,"Giza, Egypt",Member,Female,Electronic accessories,44.84,9,20.178,423.738,2019-01-14 00:00:00,1899-12-31 14:00:00,Credit card,403.56,4.761904762,20.178,7.5
379-17-6588,Giza,"Giza, Egypt",Normal,Male,Fashion accessories,59.61,10,29.805,625.905,2019-03-14 00:00:00,1899-12-31 11:07:00,Cash,596.1,4.761904762,29.805,5.3
380-94-4661,Giza,"Giza, Egypt",Member,Male,Electronic accessories,65.94,4,13.188,276.948,2019-02-07 00:00:00,1899-12-31 13:05:00,Credit card,263.76,4.761904762,13.188,6.9
382-25-8917,Giza,"Giza, Egypt",Normal,Male,Fashion accessories,42.08,6,12.624,265.104,2019-01-29 00:00:00,1899-12-31 12:25:00,Cash,252.48,4.761904762,12.624,8.9
386-27-7606,Giza,"Giza, Egypt",Member,Female,Home and lifestyle,81.2,7,28.42,596.82,2019-03-23 00:00:00,1899-12-31 15:59:00,Credit card,568.4,4.761904762,28.42,8.1
389-25-3394,Giza,"Giza, Egypt",Normal,Male,Electronic accessories,11.81,5,2.9525,62.0025,2019-02-17 00:00:00,1899-12-31 18:06:00,Cash,59.05,4.761904762,2.9525,9.4
389-70-2397,Giza,"Giza, Egypt",Normal,Female,Health and beauty,83.66,5,20.915,439.215,2019-02-21 00:00:00,1899-12-31 10:26:00,Cash,418.3,4.761904762,20.915,7.2
390-17-5806,Giza,"Giza, Egypt",Member,Female,Food and beverages,38.42,1,1.921,40.341,2019-02-02 00:00:00,1899-12-31 16:33:00,Cash,38.42,4.761904762,1.921,8.6
390-31-6381,Giza,"Giza, Egypt",Normal,Male,Food and beverages,27.22,3,4.083,85.743,2019-01-07 00:00:00,1899-12-31 12:37:00,Cash,81.66,4.761904762,4.083,7.3
393-65-2792,Giza,"Giza, Egypt",Member,Female,Food and beverages,89.48,10,44.74,939.54,2019-01-06 00:00:00,1899-12-31 12:46:00,Credit card,894.8,4.761904762,44.74,9.6
394-41-0748,Giza,"Giza, Egypt",Member,Female,Fashion accessories,54.07,9,24.3315,510.9615,2019-01-27 00:00:00,1899-12-31 14:55:00,Ewallet,486.63,4.761904762,24.3315,9.5
394-55-6384,Giza,"Giza, Egypt",Member,Female,Sports and travel,70.19,9,31.5855,663.2955,2019-01-25 00:00:00,1899-12-31 13:38:00,Cash,631.71,4.761904762,31.5855,6.7
399-46-5918,Giza,"Giza, Egypt",Member,Female,Electronic accessories,85.98,8,34.392,722.232,2019-02-28 00:00:00,1899-12-31 19:01:00,Cash,687.84,4.761904762,34.392,8.2
399-69-4630,Giza,"Giza, Egypt",Normal,Male,Electronic accessories,22.21,6,6.663,139.923,2019-03-07 00:00:00,1899-12-31 10:23:00,Credit card,133.26,4.761904762,6.663,8.6
400-80-4065,Giza,"Giza, Egypt",Member,Male,Health and beauty,68.55,4,13.71,287.91,2019-02-15 00:00:00,1899-12-31 20:21:00,Credit card,274.2,4.761904762,13.71,9.2
400-89-4171,Giza,"Giza, Egypt",Normal,Female,Sports and travel,80.97,8,32.388,680.148,2019-01-28 00:00:00,1899-12-31 13:05:00,Cash,647.76,4.761904762,32.388,9.3
401-09-4232,Giza,"Giza, Egypt",Member,Male,Home and lifestyle,86.69,5,21.6725,455.1225,2019-02-11 00:00:00,1899-12-31 18:38:00,Ewallet,433.45,4.761904762,21.6725,9.4
408-26-9866,Giza,"Giza, Egypt",Normal,Female,Sports and travel,73.98,7,25.893,543.753,2019-03-02 00:00:00,1899-12-31 16:42:00,Ewallet,517.86,4.761904762,25.893,4.1
408-66-6712,Giza,"Giza, Egypt",Member,Female,Health and beauty,47.71,6,14.313,300.573,2019-02-16 00:00:00,1899-12-31 14:19:00,Ewallet,286.26,4.761904762,14.313,4.4
409-49-6995,Giza,"Giza, Egypt",Member,Female,Food and beverages,47.27,6,14.181,297.801,2019-02-05 00:00:00,1899-12-31 10:17:00,Cash,283.62,4.761904762,14.181,8.8
413-20-6708,Giza,"Giza, Egypt",Member,Female,Fashion accessories,51.47,1,2.5735,54.0435,2019-03-18 00:00:00,1899-12-31 15:52:00,Ewallet,51.47,4.761904762,2.5735,8.5
416-13-5917,Giza,"Giza, Egypt",Normal,Female,Food and beverages,97.03,5,24.2575,509.4075,2019-01-30 00:00:00,1899-12-31 16:24:00,Ewallet,485.15,4.761904762,24.2575,9.3
420-11-4919,Giza,"Giza, Egypt",Member,Female,Food and beverages,71.39,5,17.8475,374.7975,2019-02-17 00:00:00,1899-12-31 19:57:00,Credit card,356.95,4.761904762,17.8475,5.5
423-80-0988,Giza,"Giza, Egypt",Normal,Male,Sports and travel,76.4,2,7.64,160.44,2019-01-30 00:00:00,1899-12-31 19:42:00,Ewallet,152.8,4.761904762,7.64,6.5
426-39-2418,Giza,"Giza, Egypt",Normal,Male,Electronic accessories,61.41,7,21.4935,451.3635,2019-01-14 00:00:00,1899-12-31 10:02:00,Cash,429.87,4.761904762,21.4935,9.8
428-83-5800,Giza,"Giza, Egypt",Member,Female,Food and beverages,21.08,3,3.162,66.402,2019-02-09 00:00:00,1899-12-31 10:25:00,Cash,63.24,4.761904762,3.162,7.3
433-08-7822,Giza,"Giza, Egypt",Normal,Female,Health and beauty,78.89,7,27.6115,579.8415,2019-01-05 00:00:00,1899-12-31 19:48:00,Ewallet,552.23,4.761904762,27.6115,7.5
434-83-9547,Giza,"Giza, Egypt",Member,Male,Food and beverages,38.47,8,15.388,323.148,2019-01-23 00:00:00,1899-12-31 11:51:00,Cash,307.76,4.761904762,15.388,7.7
440-59-5691,Giza,"Giza, Egypt",Member,Female,Health and beauty,37.15,7,13.0025,273.0525,2019-02-08 00:00:00,1899-12-31 13:12:00,Credit card,260.05,4.761904762,13.0025,7.7
442-44-6497,Giza,"Giza, Egypt",Member,Male,Home and lifestyle,55.57,3,8.3355,175.0455,2019-01-08 00:00:00,1899-12-31 11:42:00,Credit card,166.71,4.761904762,8.3355,5.9
443-60-9639,Giza,"Giza, Egypt",Member,Female,Home and lifestyle,60.87,1,3.0435,63.9135,2019-01-24 00:00:00,1899-12-31 13:24:00,Cash,60.87,4.761904762,3.0435,5.5
446-47-6729,Giza,"Giza, Egypt",Normal,Male,Fashion accessories,99.82,2,9.982,209.622,2019-01-02 00:00:00,1899-12-31 18:09:00,Credit card,199.64,4.761904762,9.982,6.7
450-28-2866,Giza,"Giza, Egypt",Member,Male,Food and beverages,17.44,5,4.36,91.56,2019-01-15 00:00:00,1899-12-31 19:25:00,Cash,87.2,4.761904762,4.36,8.1
450-42-3339,Giza,"Giza, Egypt",Normal,Male,Health and beauty,84.61,10,42.305,888.405,2019-02-09 00:00:00,1899-12-31 18:58:00,Credit card,846.1,4.761904762,42.305,8.8
451-28-5717,Giza,"Giza, Egypt",Member,Female,Home and lifestyle,83.17,6,24.951,523.971,2019-03-20 00:00:00,1899-12-31 11:23:00,Cash,499.02,4.761904762,24.951,7.3
451-73-2711,Giza,"Giza, Egypt",Normal,Male,Food and beverages,84.83,1,4.2415,89.0715,2019-01-14 00:00:00,1899-12-31 15:20:00,Ewallet,84.83,4.761904762,4.2415,8.8
453-12-7053,Giza,"Giza, Egypt",Normal,Male,Fashion accessories,45.74,3,6.861,144.081,2019-03-10 00:00:00,1899-12-31 17:38:00,Credit card,137.22,4.761904762,6.861,6.5
457-12-0244,Giza,"Giza, Egypt",Member,Female,Sports and travel,35.22,6,10.566,221.886,2019-03-14 00:00:00,1899-12-31 13:49:00,Ewallet,211.32,4.761904762,10.566,6.5
458-10-8612,Giza,"Giza, Egypt",Normal,Male,Health and beauty,64.08,7,22.428,470.988,2019-01-20 00:00:00,1899-12-31 12:27:00,Ewallet,448.56,4.761904762,22.428,7.6
458-41-1477,Giza,"Giza, Egypt",Normal,Female,Health and beauty,46.26,6,13.878,291.438,2019-03-08 00:00:00,1899-12-31 17:11:00,Credit card,277.56,4.761904762,13.878,9.5
462-78-5240,Giza,"Giza, Egypt",Normal,Female,Electronic accessories,26.61,2,2.661,55.881,2019-03-19 00:00:00,1899-12-31 14:35:00,Cash,53.22,4.761904762,2.661,4.2
468-99-7231,Giza,"Giza, Egypt",Normal,Female,Home and lifestyle,44.01,8,17.604,369.684,2019-03-03 00:00:00,1899-12-31 17:36:00,Cash,352.08,4.761904762,17.604,8.8
471-06-8611,Giza,"Giza, Egypt",Normal,Female,Food and beverages,52.42,1,2.621,55.041,2019-02-06 00:00:00,1899-12-31 10:22:00,Credit card,52.42,4.761904762,2.621,6.3
471-41-2823,Giza,"Giza, Egypt",Normal,Male,Food and beverages,99.79,2,9.979,209.559,2019-03-07 00:00:00,1899-12-31 20:37:00,Ewallet,199.58,4.761904762,9.979,8
474-33-8305,Giza,"Giza, Egypt",Member,Male,Fashion accessories,67.39,7,23.5865,495.3165,2019-03-23 00:00:00,1899-12-31 13:23:00,Ewallet,471.73,4.761904762,23.5865,6.9
477-59-2456,Giza,"Giza, Egypt",Normal,Female,Fashion accessories,45.44,7,15.904,333.984,2019-01-23 00:00:00,1899-12-31 11:15:00,Cash,318.08,4.761904762,15.904,9.2
480-63-2856,Giza,"Giza, Egypt",Member,Female,Food and beverages,19.25,8,7.7,161.7,2019-01-23 00:00:00,1899-12-31 18:37:00,Ewallet,154,4.761904762,7.7,6.6
483-71-1164,Giza,"Giza, Egypt",Normal,Female,Health and beauty,81.3,6,24.39,512.19,2019-03-08 00:00:00,1899-12-31 16:43:00,Ewallet,487.8,4.761904762,24.39,5.3
484-22-8230,Giza,"Giza, Egypt",Member,Female,Fashion accessories,51.89,7,18.1615,381.3915,2019-01-08 00:00:00,1899-12-31 20:08:00,Cash,363.23,4.761904762,18.1615,4.5
488-25-4221,Giza,"Giza, Egypt",Member,Female,Food and beverages,30.41,1,1.5205,31.9305,2019-02-22 00:00:00,1899-12-31 10:36:00,Credit card,30.41,4.761904762,1.5205,8.4
489-64-4354,Giza,"Giza, Egypt",Normal,Male,Fashion accessories,16.28,1,0.814,17.094,2019-03-09 00:00:00,1899-12-31 15:36:00,Cash,16.28,4.761904762,0.814,5
493-65-6248,Giza,"Giza, Egypt",Member,Female,Sports and travel,36.98,10,18.49,388.29,2019-01-01 00:00:00,1899-12-31 19:48:00,Credit card,369.8,4.761904762,18.49,7
500-02-2261,Giza,"Giza, Egypt",Normal,Female,Food and beverages,57.29,6,17.187,360.927,2019-03-21 00:00:00,1899-12-31 17:04:00,Ewallet,343.74,4.761904762,17.187,5.9
503-07-0930,Giza,"Giza, Egypt",Member,Male,Sports and travel,58.39,7,20.4365,429.1665,2019-02-23 00:00:00,1899-12-31 19:49:00,Credit card,408.73,4.761904762,20.4365,8.2
512-91-0811,Giza,"Giza, Egypt",Member,Female,Health and beauty,89.75,1,4.4875,94.2375,2019-02-06 00:00:00,1899-12-31 20:05:00,Credit card,89.75,4.761904762,4.4875,6.6
516-77-6464,Giza,"Giza, Egypt",Member,Female,Health and beauty,10.16,5,2.54,53.34,2019-02-24 00:00:00,1899-12-31 13:08:00,Ewallet,50.8,4.761904762,2.54,4.1
521-18-7827,Giza,"Giza, Egypt",Member,Male,Home and lifestyle,39.39,5,9.8475,206.7975,2019-01-22 00:00:00,1899-12-31 20:46:00,Credit card,196.95,4.761904762,9.8475,8.7
523-38-0215,Giza,"Giza, Egypt",Normal,Male,Home and lifestyle,37,1,1.85,38.85,2019-03-06 00:00:00,1899-12-31 13:29:00,Credit card,37,4.761904762,1.85,7.9
526-86-8552,Giza,"Giza, Egypt",Member,Female,Home and lifestyle,21.82,10,10.91,229.11,2019-01-07 00:00:00,1899-12-31 17:36:00,Cash,218.2,4.761904762,10.91,7.1
537-72-0426,Giza,"Giza, Egypt",Member,Male,Fashion accessories,70.99,10,35.495,745.395,2019-03-20 00:00:00,1899-12-31 16:28:00,Cash,709.9,4.761904762,35.495,5.7
538-22-0304,Giza,"Giza, Egypt",Normal,Male,Electronic accessories,64.95,10,32.475,681.975,2019-03-24 00:00:00,1899-12-31 18:27:00,Cash,649.5,4.761904762,32.475,5.2
541-08-3113,Giza,"Giza, Egypt",Normal,Male,Food and beverages,65.97,8,26.388,554.148,2019-02-02 00:00:00,1899-12-31 20:29:00,Cash,527.76,4.761904762,26.388,8.4
541-89-9860,Giza,"Giza, Egypt",Member,Female,Fashion accessories,80.48,3,12.072,253.512,2019-02-15 00:00:00,1899-12-31 12:31:00,Cash,241.44,4.761904762,12.072,8.1
544-32-5024,Giza,"Giza, Egypt",Member,Female,Food and beverages,49.79,4,9.958,209.118,2019-03-28 00:00:00,1899-12-31 19:16:00,Credit card,199.16,4.761904762,9.958,6.4
545-07-8534,Giza,"Giza, Egypt",Normal,Female,Health and beauty,58.32,2,5.832,122.472,2019-02-14 00:00:00,1899-12-31 12:42:00,Ewallet,116.64,4.761904762,5.832,6
549-23-9016,Giza,"Giza, Egypt",Member,Female,Food and beverages,14.87,2,1.487,31.227,2019-02-13 00:00:00,1899-12-31 18:15:00,Credit card,29.74,4.761904762,1.487,8.9
549-96-4200,Giza,"Giza, Egypt",Member,Male,Food and beverages,17.04,4,3.408,71.568,2019-03-08 00:00:00,1899-12-31 20:15:00,Ewallet,68.16,4.761904762,3.408,7
551-21-3069,Giza,"Giza, Egypt",Member,Female,Electronic accessories,23.07,9,10.3815,218.0115,2019-02-01 00:00:00,1899-12-31 11:27:00,Cash,207.63,4.761904762,10.3815,4.9
554-42-2417,Giza,"Giza, Egypt",Normal,Female,Sports and travel,95.44,10,47.72,1002.12,2019-01-09 00:00:00,1899-12-31 13:45:00,Cash,954.4,4.761904762,47.72,5.2
554-53-8700,Giza,"Giza, Egypt",Member,Female,Home and lifestyle,56.11,2,5.611,117.831,2019-02-02 00:00:00,1899-12-31 10:11:00,Cash,112.22,4.761904762,5.611,6.3
556-41-6224,Giza,"Giza, Egypt",Normal,Male,Health and beauty,33.64,8,13.456,282.576,2019-02-15 00:00:00,1899-12-31 17:10:00,Credit card,269.12,4.761904762,13.456,9.3
556-72-8512,Giza,"Giza, Egypt",Normal,Male,Home and lifestyle,22.96,1,1.148,24.108,2019-01-30 00:00:00,1899-12-31 20:47:00,Cash,22.96,4.761904762,1.148,4.3
556-86-3144,Giza,"Giza, Egypt",Member,Female,Fashion accessories,74.29,1,3.7145,78.0045,2019-01-13 00:00:00,1899-12-31 19:30:00,Cash,74.29,4.761904762,3.7145,5
556-97-7101,Giza,"Giza, Egypt",Normal,Female,Electronic accessories,63.22,2,6.322,132.762,2019-01-01 00:00:00,1899-12-31 15:51:00,Cash,126.44,4.761904762,6.322,8.5
558-80-4082,Giza,"Giza, Egypt",Normal,Male,Electronic accessories,27.85,7,9.7475,204.6975,2019-03-14 00:00:00,1899-12-31 17:20:00,Ewallet,194.95,4.761904762,9.7475,6
565-80-5980,Giza,"Giza, Egypt",Member,Female,Home and lifestyle,47.38,4,9.476,198.996,2019-01-23 00:00:00,1899-12-31 10:25:00,Cash,189.52,4.761904762,9.476,7.1
568-90-5112,Giza,"Giza, Egypt",Normal,Male,Health and beauty,66.14,4,13.228,277.788,2019-03-19 00:00:00,1899-12-31 12:46:00,Credit card,264.56,4.761904762,13.228,5.6
573-98-8548,Giza,"Giza, Egypt",Member,Female,Fashion accessories,31.9,1,1.595,33.495,2019-01-05 00:00:00,1899-12-31 12:40:00,Ewallet,31.9,4.761904762,1.595,9.1
574-22-5561,Giza,"Giza, Egypt",Member,Female,Fashion accessories,82.63,10,41.315,867.615,2019-03-19 00:00:00,1899-12-31 17:08:00,Ewallet,826.3,4.761904762,41.315,7.9
574-57-9721,Giza,"Giza, Egypt",Normal,Male,Food and beverages,43.27,2,4.327,90.867,2019-03-08 00:00:00,1899-12-31 16:53:00,Ewallet,86.54,4.761904762,4.327,5.7
577-34-7579,Giza,"Giza, Egypt",Member,Male,Food and beverages,50.49,9,22.7205,477.1305,2019-01-10 00:00:00,1899-12-31 17:16:00,Cash,454.41,4.761904762,22.7205,5.4
583-41-4548,Giza,"Giza, Egypt",Normal,Male,Home and lifestyle,16.67,7,5.8345,122.5245,2019-02-07 00:00:00,1899-12-31 11:36:00,Ewallet,116.69,4.761904762,5.8345,7.4
583-72-1480,Giza,"Giza, Egypt",Member,Male,Electronic accessories,37.06,4,7.412,155.652,2019-01-31 00:00:00,1899-12-31 16:24:00,Ewallet,148.24,4.761904762,7.412,9.7
584-66-4073,Giza,"Giza, Egypt",Normal,Male,Fashion accessories,56.5,1,2.825,59.325,2019-03-13 00:00:00,1899-12-31 15:45:00,Ewallet,56.5,4.761904762,2.825,9.6
584-86-7256,Giza,"Giza, Egypt",Member,Male,Sports and travel,34.56,7,12.096,254.016,2019-03-11 00:00:00,1899-12-31 16:07:00,Credit card,241.92,4.761904762,12.096,7.3
587-03-7455,Giza,"Giza, Egypt",Member,Female,Fashion accessories,97.79,7,34.2265,718.7565,2019-02-16 00:00:00,1899-12-31 17:30:00,Ewallet,684.53,4.761904762,34.2265,4.9
588-01-7461,Giza,"Giza, Egypt",Member,Female,Food and beverages,33.98,9,15.291,321.111,2019-03-24 00:00:00,1899-12-31 10:43:00,Cash,305.82,4.761904762,15.291,4.2
592-34-6155,Giza,"Giza, Egypt",Normal,Male,Food and beverages,31.77,4,6.354,133.434,2019-01-14 00:00:00,1899-12-31 14:43:00,Ewallet,127.08,4.761904762,6.354,6.2
592-46-1692,Giza,"Giza, Egypt",Member,Female,Food and beverages,36.77,7,12.8695,270.2595,2019-01-11 00:00:00,1899-12-31 20:10:00,Cash,257.39,4.761904762,12.8695,7.4
593-65-1552,Giza,"Giza, Egypt",Normal,Female,Home and lifestyle,69.81,4,13.962,293.202,2019-01-28 00:00:00,1899-12-31 20:50:00,Credit card,279.24,4.761904762,13.962,5.9
593-95-4461,Giza,"Giza, Egypt",Member,Male,Home and lifestyle,74.86,1,3.743,78.603,2019-03-24 00:00:00,1899-12-31 14:49:00,Cash,74.86,4.761904762,3.743,6.9
595-86-2894,Giza,"Giza, Egypt",Member,Male,Fashion accessories,96.98,4,19.396,407.316,2019-02-06 00:00:00,1899-12-31 17:20:00,Ewallet,387.92,4.761904762,19.396,9.4
597-78-7908,Giza,"Giza, Egypt",Normal,Female,Fashion accessories,90.22,3,13.533,284.193,2019-02-18 00:00:00,1899-12-31 19:39:00,Cash,270.66,4.761904762,13.533,6.2
598-47-9715,Giza,"Giza, Egypt",Normal,Male,Electronic accessories,84.07,4,16.814,353.094,2019-03-07 00:00:00,1899-12-31 16:54:00,Ewallet,336.28,4.761904762,16.814,4.4
600-38-9738,Giza,"Giza, Egypt",Member,Male,Sports and travel,71.92,5,17.98,377.58,2019-01-17 00:00:00,1899-12-31 15:05:00,Credit card,359.6,4.761904762,17.98,4.3
602-80-9671,Giza,"Giza, Egypt",Member,Female,Home and lifestyle,15.95,6,4.785,100.485,2019-02-09 00:00:00,1899-12-31 17:15:00,Credit card,95.7,4.761904762,4.785,5.1
603-07-0961,Giza,"Giza, Egypt",Member,Male,Electronic accessories,74.79,5,18.6975,392.6475,2019-01-10 00:00:00,1899-12-31 11:34:00,Cash,373.95,4.761904762,18.6975,4.9
605-72-4132,Giza,"Giza, Egypt",Normal,Female,Food and beverages,94.47,8,37.788,793.548,2019-02-27 00:00:00,1899-12-31 15:12:00,Cash,755.76,4.761904762,37.788,9.1
606-80-4905,Giza,"Giza, Egypt",Member,Female,Sports and travel,19.15,6,5.745,120.645,2019-01-29 00:00:00,1899-12-31 10:01:00,Credit card,114.9,4.761904762,5.745,6.8
607-65-2441,Giza,"Giza, Egypt",Member,Male,Health and beauty,81.95,10,40.975,860.475,2019-03-10 00:00:00,1899-12-31 12:39:00,Credit card,819.5,4.761904762,40.975,6
607-76-6216,Giza,"Giza, Egypt",Member,Female,Fashion accessories,92.49,5,23.1225,485.5725,2019-03-02 00:00:00,1899-12-31 16:35:00,Credit card,462.45,4.761904762,23.1225,8.6
613-59-9758,Giza,"Giza, Egypt",Normal,Female,Sports and travel,14.36,10,7.18,150.78,2019-01-27 00:00:00,1899-12-31 14:28:00,Cash,143.6,4.761904762,7.18,5.4
617-15-4209,Giza,"Giza, Egypt",Member,Female,Health and beauty,15.37,2,1.537,32.277,2019-03-16 00:00:00,1899-12-31 19:47:00,Cash,30.74,4.761904762,1.537,7.2
620-02-2046,Giza,"Giza, Egypt",Normal,Male,Home and lifestyle,69.4,2,6.94,145.74,2019-01-27 00:00:00,1899-12-31 19:48:00,Ewallet,138.8,4.761904762,6.94,9
622-20-1945,Giza,"Giza, Egypt",Normal,Female,Health and beauty,39.42,1,1.971,41.391,2019-01-18 00:00:00,1899-12-31 15:08:00,Cash,39.42,4.761904762,1.971,8.4
626-43-7888,Giza,"Giza, Egypt",Normal,Female,Fashion accessories,60.41,8,24.164,507.444,2019-02-07 00:00:00,1899-12-31 12:23:00,Ewallet,483.28,4.761904762,24.164,9.6
628-34-3388,Giza,"Giza, Egypt",Member,Female,Fashion accessories,27.38,6,8.214,172.494,2019-01-05 00:00:00,1899-12-31 20:54:00,Credit card,164.28,4.761904762,8.214,7.9
629-42-4133,Giza,"Giza, Egypt",Normal,Male,Health and beauty,21.8,8,8.72,183.12,2019-02-19 00:00:00,1899-12-31 19:24:00,Cash,174.4,4.761904762,8.72,8.3
631-34-1880,Giza,"Giza, Egypt",Member,Male,Food and beverages,24.31,3,3.6465,76.5765,2019-01-08 00:00:00,1899-12-31 19:09:00,Credit card,72.93,4.761904762,3.6465,4.3
632-90-0281,Giza,"Giza, Egypt",Normal,Female,Fashion accessories,37.55,10,18.775,394.275,2019-03-08 00:00:00,1899-12-31 20:01:00,Credit card,375.5,4.761904762,18.775,9.3
633-09-3463,Giza,"Giza, Egypt",Normal,Female,Electronic accessories,47.65,3,7.1475,150.0975,2019-03-28 00:00:00,1899-12-31 12:58:00,Credit card,142.95,4.761904762,7.1475,9.5
639-76-1242,Giza,"Giza, Egypt",Normal,Male,Food and beverages,40.52,5,10.13,212.73,2019-02-03 00:00:00,1899-12-31 15:19:00,Cash,202.6,4.761904762,10.13,4.5
641-51-2661,Giza,"Giza, Egypt",Member,Female,Food and beverages,87.1,10,43.55,914.55,2019-02-12 00:00:00,1899-12-31 14:45:00,Credit card,871,4.761904762,43.55,9.9
641-96-3695,Giza,"Giza, Egypt",Member,Female,Fashion accessories,43.46,6,13.038,273.798,2019-02-07 00:00:00,1899-12-31 17:55:00,Ewallet,260.76,4.761904762,13.038,8.5
648-94-3045,Giza,"Giza, Egypt",Normal,Male,Health and beauty,58.95,10,29.475,618.975,2019-02-07 00:00:00,1899-12-31 14:27:00,Ewallet,589.5,4.761904762,29.475,8.1
649-11-3678,Giza,"Giza, Egypt",Normal,Female,Food and beverages,22.93,9,10.3185,216.6885,2019-02-26 00:00:00,1899-12-31 20:26:00,Cash,206.37,4.761904762,10.3185,5.5
651-61-0874,Giza,"Giza, Egypt",Normal,Male,Home and lifestyle,46.22,4,9.244,194.124,2019-03-12 00:00:00,1899-12-31 20:04:00,Credit card,184.88,4.761904762,9.244,6.2
652-49-6720,Giza,"Giza, Egypt",Member,Female,Electronic accessories,60.95,1,3.0475,63.9975,2019-02-18 00:00:00,1899-12-31 11:40:00,Ewallet,60.95,4.761904762,3.0475,5.9
658-66-3967,Giza,"Giza, Egypt",Normal,Male,Health and beauty,53.19,7,18.6165,390.9465,2019-01-14 00:00:00,1899-12-31 15:42:00,Ewallet,372.33,4.761904762,18.6165,5
659-36-1684,Giza,"Giza, Egypt",Member,Female,Sports and travel,57.12,7,19.992,419.832,2019-01-12 00:00:00,1899-12-31 12:02:00,Credit card,399.84,4.761904762,19.992,6.5
660-29-7083,Giza,"Giza, Egypt",Normal,Male,Electronic accessories,55.87,10,27.935,586.635,2019-01-15 00:00:00,1899-12-31 15:01:00,Cash,558.7,4.761904762,27.935,5.8
662-47-5456,Giza,"Giza, Egypt",Member,Male,Fashion accessories,35.19,10,17.595,369.495,2019-03-17 00:00:00,1899-12-31 19:06:00,Credit card,351.9,4.761904762,17.595,8.4
663-86-9076,Giza,"Giza, Egypt",Member,Female,Food and beverages,68.54,8,27.416,575.736,2019-01-08 00:00:00,1899-12-31 15:57:00,Ewallet,548.32,4.761904762,27.416,8.5
664-14-2882,Giza,"Giza, Egypt",Member,Female,Home and lifestyle,10.53,5,2.6325,55.2825,2019-01-30 00:00:00,1899-12-31 14:43:00,Credit card,52.65,4.761904762,2.6325,5.8
672-51-8681,Giza,"Giza, Egypt",Member,Female,Electronic accessories,66.65,9,29.9925,629.8425,2019-01-04 00:00:00,1899-12-31 18:19:00,Credit card,599.85,4.761904762,29.9925,9.7
677-11-0152,Giza,"Giza, Egypt",Normal,Female,Food and beverages,93.26,9,41.967,881.307,2019-01-16 00:00:00,1899-12-31 18:08:00,Cash,839.34,4.761904762,41.967,8.8
678-79-0726,Giza,"Giza, Egypt",Member,Female,Sports and travel,90.63,9,40.7835,856.4535,2019-01-18 00:00:00,1899-12-31 15:28:00,Cash,815.67,4.761904762,40.7835,5.1
687-15-1097,Giza,"Giza, Egypt",Member,Female,Health and beauty,21.12,2,2.112,44.352,2019-01-03 00:00:00,1899-12-31 19:17:00,Cash,42.24,4.761904762,2.112,9.7
689-16-9784,Giza,"Giza, Egypt",Normal,Male,Food and beverages,46.77,6,14.031,294.651,2019-03-11 00:00:00,1899-12-31 13:37:00,Cash,280.62,4.761904762,14.031,6
699-01-4164,Giza,"Giza, Egypt",Normal,Male,Health and beauty,41.5,4,8.3,174.3,2019-03-12 00:00:00,1899-12-31 19:58:00,Credit card,166,4.761904762,8.3,8.2
699-14-3026,Giza,"Giza, Egypt",Member,Female,Electronic accessories,85.39,7,29.8865,627.6165,2019-03-25 00:00:00,1899-12-31 18:30:00,Ewallet,597.73,4.761904762,29.8865,4.1
702-83-5291,Giza,"Giza, Egypt",Member,Male,Fashion accessories,99.82,9,44.919,943.299,2019-03-27 00:00:00,1899-12-31 10:43:00,Cash,898.38,4.761904762,44.919,6.6
704-10-4056,Giza,"Giza, Egypt",Member,Male,Health and beauty,60.47,3,9.0705,190.4805,2019-01-14 00:00:00,1899-12-31 10:55:00,Credit card,181.41,4.761904762,9.0705,5.6
704-20-4138,Giza,"Giza, Egypt",Member,Female,Health and beauty,29.67,7,10.3845,218.0745,2019-03-11 00:00:00,1899-12-31 18:58:00,Credit card,207.69,4.761904762,10.3845,8.1
714-02-3114,Giza,"Giza, Egypt",Normal,Female,Sports and travel,98.8,2,9.88,207.48,2019-02-21 00:00:00,1899-12-31 11:39:00,Cash,197.6,4.761904762,9.88,7.7
717-96-4189,Giza,"Giza, Egypt",Normal,Female,Electronic accessories,35.49,6,10.647,223.587,2019-02-02 00:00:00,1899-12-31 12:40:00,Cash,212.94,4.761904762,10.647,4.1
718-57-9773,Giza,"Giza, Egypt",Normal,Female,Sports and travel,49.33,10,24.665,517.965,2019-02-03 00:00:00,1899-12-31 16:40:00,Credit card,493.3,4.761904762,24.665,9.4
719-76-3868,Giza,"Giza, Egypt",Member,Male,Food and beverages,94.26,4,18.852,395.892,2019-03-12 00:00:00,1899-12-31 16:30:00,Cash,377.04,4.761904762,18.852,8.6
722-13-2115,Giza,"Giza, Egypt",Member,Male,Sports and travel,42.85,1,2.1425,44.9925,2019-03-14 00:00:00,1899-12-31 15:36:00,Credit card,42.85,4.761904762,2.1425,9.3
725-54-0677,Giza,"Giza, Egypt",Member,Male,Health and beauty,85.6,7,29.96,629.16,2019-03-02 00:00:00,1899-12-31 13:50:00,Cash,599.2,4.761904762,29.96,5.3
725-96-3778,Giza,"Giza, Egypt",Member,Female,Home and lifestyle,89.25,8,35.7,749.7,2019-01-20 00:00:00,1899-12-31 10:13:00,Cash,714,4.761904762,35.7,4.7
727-75-6477,Giza,"Giza, Egypt",Normal,Male,Electronic accessories,28.84,4,5.768,121.128,2019-03-29 00:00:00,1899-12-31 14:44:00,Cash,115.36,4.761904762,5.768,6.4
728-47-9078,Giza,"Giza, Egypt",Member,Male,Food and beverages,59.59,4,11.918,250.278,2019-01-19 00:00:00,1899-12-31 12:46:00,Cash,238.36,4.761904762,11.918,9.8
728-88-7867,Giza,"Giza, Egypt",Member,Female,Home and lifestyle,75.53,4,15.106,317.226,2019-03-19 00:00:00,1899-12-31 15:52:00,Ewallet,302.12,4.761904762,15.106,8.3
729-46-7422,Giza,"Giza, Egypt",Normal,Male,Food and beverages,35.89,1,1.7945,37.6845,2019-02-23 00:00:00,1899-12-31 16:52:00,Credit card,35.89,4.761904762,1.7945,7.9
730-50-9884,Giza,"Giza, Egypt",Member,Female,Sports and travel,83.06,7,29.071,610.491,2019-03-05 00:00:00,1899-12-31 14:31:00,Ewallet,581.42,4.761904762,29.071,4
730-70-9830,Giza,"Giza, Egypt",Normal,Female,Home and lifestyle,70.11,6,21.033,441.693,2019-03-14 00:00:00,1899-12-31 17:54:00,Ewallet,420.66,4.761904762,21.033,5.2
731-81-9469,Giza,"Giza, Egypt",Member,Female,Sports and travel,89.8,10,44.9,942.9,2019-01-23 00:00:00,1899-12-31 13:00:00,Credit card,898,4.761904762,44.9,5.4
732-94-0499,Giza,"Giza, Egypt",Member,Female,Electronic accessories,41.65,10,20.825,437.325,2019-01-13 00:00:00,1899-12-31 17:04:00,Credit card,416.5,4.761904762,20.825,5.4
733-29-1227,Giza,"Giza, Egypt",Normal,Male,Home and lifestyle,55.61,7,19.4635,408.7335,2019-03-23 00:00:00,1899-12-31 12:41:00,Cash,389.27,4.761904762,19.4635,8.5
733-33-4967,Giza,"Giza, Egypt",Normal,Male,Electronic accessories,20.85,8,8.34,175.14,2019-03-03 00:00:00,1899-12-31 19:17:00,Cash,166.8,4.761904762,8.34,6.3
735-06-4124,Giza,"Giza, Egypt",Normal,Male,Food and beverages,48.61,1,2.4305,51.0405,2019-02-25 00:00:00,1899-12-31 15:31:00,Cash,48.61,4.761904762,2.4305,4.4
735-32-9839,Giza,"Giza, Egypt",Member,Male,Fashion accessories,98.7,8,39.48,829.08,2019-01-31 00:00:00,1899-12-31 10:36:00,Ewallet,789.6,4.761904762,39.48,8.5
740-11-5257,Giza,"Giza, Egypt",Normal,Male,Electronic accessories,24.74,10,12.37,259.77,2019-02-24 00:00:00,1899-12-31 16:44:00,Cash,247.4,4.761904762,12.37,7.1
740-22-2500,Giza,"Giza, Egypt",Normal,Female,Electronic accessories,84.05,3,12.6075,264.7575,2019-01-23 00:00:00,1899-12-31 13:29:00,Cash,252.15,4.761904762,12.6075,9.8
743-88-1662,Giza,"Giza, Egypt",Normal,Male,Sports and travel,95.49,7,33.4215,701.8515,2019-02-22 00:00:00,1899-12-31 18:17:00,Ewallet,668.43,4.761904762,33.4215,8.7
744-82-9138,Giza,"Giza, Egypt",Normal,Male,Fashion accessories,86.13,2,8.613,180.873,2019-02-07 00:00:00,1899-12-31 17:59:00,Cash,172.26,4.761904762,8.613,8.2
746-19-0921,Giza,"Giza, Egypt",Normal,Male,Food and beverages,21.58,1,1.079,22.659,2019-02-09 00:00:00,1899-12-31 10:02:00,Ewallet,21.58,4.761904762,1.079,7.2
746-68-6593,Giza,"Giza, Egypt",Member,Female,Sports and travel,87.16,2,8.716,183.036,2019-01-11 00:00:00,1899-12-31 14:29:00,Credit card,174.32,4.761904762,8.716,9.7
750-57-9686,Giza,"Giza, Egypt",Normal,Female,Home and lifestyle,45.38,4,9.076,190.596,2019-01-08 00:00:00,1899-12-31 13:48:00,Credit card,181.52,4.761904762,9.076,8.7
751-41-9720,Giza,"Giza, Egypt",Normal,Male,Home and lifestyle,97.5,10,48.75,1023.75,2019-01-12 00:00:00,1899-12-31 16:18:00,Ewallet,975,4.761904762,48.75,8
751-69-0068,Giza,"Giza, Egypt",Normal,Male,Sports and travel,99.24,9,44.658,937.818,2019-03-19 00:00:00,1899-12-31 19:09:00,Ewallet,893.16,4.761904762,44.658,9
755-12-3214,Giza,"Giza, Egypt",Member,Female,Fashion accessories,44.22,5,11.055,232.155,2019-03-05 00:00:00,1899-12-31 17:07:00,Credit card,221.1,4.761904762,11.055,8.6
756-01-7507,Giza,"Giza, Egypt",Member,Female,Health and beauty,20.38,5,5.095,106.995,2019-01-22 00:00:00,1899-12-31 18:56:00,Cash,101.9,4.761904762,5.095,6
756-93-1854,Giza,"Giza, Egypt",Member,Female,Fashion accessories,83.35,2,8.335,175.035,2019-02-02 00:00:00,1899-12-31 14:05:00,Credit card,166.7,4.761904762,8.335,9.5
759-98-4285,Giza,"Giza, Egypt",Member,Female,Health and beauty,85.87,7,30.0545,631.1445,2019-02-27 00:00:00,1899-12-31 19:01:00,Credit card,601.09,4.761904762,30.0545,8
760-27-5490,Giza,"Giza, Egypt",Normal,Male,Fashion accessories,15.62,8,6.248,131.208,2019-01-20 00:00:00,1899-12-31 20:37:00,Ewallet,124.96,4.761904762,6.248,9.1
767-05-1286,Giza,"Giza, Egypt",Member,Female,Home and lifestyle,83.77,6,25.131,527.751,2019-01-23 00:00:00,1899-12-31 12:10:00,Ewallet,502.62,4.761904762,25.131,5.4
778-71-5554,Giza,"Giza, Egypt",Member,Female,Fashion accessories,15.43,1,0.7715,16.2015,2019-01-25 00:00:00,1899-12-31 15:46:00,Credit card,15.43,4.761904762,0.7715,6.1
778-89-7974,Giza,"Giza, Egypt",Normal,Male,Health and beauty,70.21,6,21.063,442.323,2019-03-30 00:00:00,1899-12-31 14:58:00,Cash,421.26,4.761904762,21.063,7.4
779-06-0012,Giza,"Giza, Egypt",Member,Female,Home and lifestyle,88.61,1,4.4305,93.0405,2019-01-19 00:00:00,1899-12-31 10:21:00,Cash,88.61,4.761904762,4.4305,7.7
781-84-8059,Giza,"Giza, Egypt",Normal,Male,Fashion accessories,60.74,7,21.259,446.439,2019-01-18 00:00:00,1899-12-31 16:23:00,Ewallet,425.18,4.761904762,21.259,5
784-08-0310,Giza,"Giza, Egypt",Member,Female,Food and beverages,21.04,4,4.208,88.368,2019-01-13 00:00:00,1899-12-31 13:58:00,Cash,84.16,4.761904762,4.208,7.6
784-21-9238,Giza,"Giza, Egypt",Member,Male,Sports and travel,10.17,1,0.5085,10.6785,2019-02-07 00:00:00,1899-12-31 14:15:00,Cash,10.17,4.761904762,0.5085,5.9
787-15-1757,Giza,"Giza, Egypt",Member,Male,Health and beauty,44.07,4,8.814,185.094,2019-02-18 00:00:00,1899-12-31 16:28:00,Ewallet,176.28,4.761904762,8.814,8.4
787-56-0757,Giza,"Giza, Egypt",Member,Female,Food and beverages,80.36,4,16.072,337.512,2019-02-23 00:00:00,1899-12-31 18:45:00,Credit card,321.44,4.761904762,16.072,8.3
788-07-8452,Giza,"Giza, Egypt",Member,Female,Home and lifestyle,24.24,7,8.484,178.164,2019-01-27 00:00:00,1899-12-31 17:38:00,Ewallet,169.68,4.761904762,8.484,9.4
790-38-4466,Giza,"Giza, Egypt",Normal,Female,Health and beauty,10.99,5,2.7475,57.6975,2019-01-23 00:00:00,1899-12-31 10:18:00,Credit card,54.95,4.761904762,2.7475,9.3
796-12-2025,Giza,"Giza, Egypt",Member,Female,Fashion accessories,62.12,10,31.06,652.26,2019-02-11 00:00:00,1899-12-31 16:19:00,Cash,621.2,4.761904762,31.06,5.9
801-88-0346,Giza,"Giza, Egypt",Normal,Female,Fashion accessories,76.06,3,11.409,239.589,2019-01-05 00:00:00,1899-12-31 20:30:00,Credit card,228.18,4.761904762,11.409,9.8
803-83-5989,Giza,"Giza, Egypt",Member,Female,Home and lifestyle,55.73,6,16.719,351.099,2019-02-24 00:00:00,1899-12-31 10:55:00,Ewallet,334.38,4.761904762,16.719,7
808-65-0703,Giza,"Giza, Egypt",Normal,Male,Home and lifestyle,35.47,4,7.094,148.974,2019-03-14 00:00:00,1899-12-31 17:22:00,Credit card,141.88,4.761904762,7.094,6.9
810-60-6344,Giza,"Giza, Egypt",Normal,Female,Electronic accessories,40.86,8,16.344,343.224,2019-02-07 00:00:00,1899-12-31 14:38:00,Credit card,326.88,4.761904762,16.344,6.5
815-04-6282,Giza,"Giza, Egypt",Member,Female,Sports and travel,64.97,5,16.2425,341.0925,2019-02-08 00:00:00,1899-12-31 12:52:00,Credit card,324.85,4.761904762,16.2425,6.5
821-07-3596,Giza,"Giza, Egypt",Normal,Female,Fashion accessories,16.45,4,3.29,69.09,2019-03-07 00:00:00,1899-12-31 14:53:00,Ewallet,65.8,4.761904762,3.29,5.6
824-88-3614,Giza,"Giza, Egypt",Normal,Male,Health and beauty,34.31,8,13.724,288.204,2019-01-25 00:00:00,1899-12-31 15:00:00,Ewallet,274.48,4.761904762,13.724,5.7
829-49-1914,Giza,"Giza, Egypt",Member,Female,Food and beverages,78.31,10,39.155,822.255,2019-03-05 00:00:00,1899-12-31 16:24:00,Ewallet,783.1,4.761904762,39.155,6.6
834-25-9262,Giza,"Giza, Egypt",Normal,Female,Fashion accessories,81.68,4,16.336,343.056,2019-01-06 00:00:00,1899-12-31 12:12:00,Cash,326.72,4.761904762,16.336,9.1
835-16-0096,Giza,"Giza, Egypt",Member,Male,Sports and travel,14.7,5,3.675,77.175,2019-03-24 00:00:00,1899-12-31 13:48:00,Ewallet,73.5,4.761904762,3.675,8.5
838-02-1821,Giza,"Giza, Egypt",Member,Female,Home and lifestyle,12.73,2,1.273,26.733,2019-02-22 00:00:00,1899-12-31 12:10:00,Credit card,25.46,4.761904762,1.273,5.2
838-78-4295,Giza,"Giza, Egypt",Member,Female,Health and beauty,33.47,2,3.347,70.287,2019-02-10 00:00:00,1899-12-31 15:43:00,Ewallet,66.94,4.761904762,3.347,6.7
840-19-2096,Giza,"Giza, Egypt",Member,Male,Electronic accessories,87.91,5,21.9775,461.5275,2019-03-14 00:00:00,1899-12-31 18:10:00,Ewallet,439.55,4.761904762,21.9775,4.4
841-35-6630,Giza,"Giza, Egypt",Member,Female,Electronic accessories,75.91,6,22.773,478.233,2019-03-09 00:00:00,1899-12-31 18:21:00,Cash,455.46,4.761904762,22.773,8.7
842-29-4695,Giza,"Giza, Egypt",Member,Male,Sports and travel,17.14,7,5.999,125.979,2019-01-16 00:00:00,1899-12-31 12:07:00,Credit card,119.98,4.761904762,5.999,7.9
845-94-6841,Giza,"Giza, Egypt",Member,Female,Food and beverages,72.88,9,32.796,688.716,2019-01-08 00:00:00,1899-12-31 19:38:00,Cash,655.92,4.761904762,32.796,4
848-24-9445,Giza,"Giza, Egypt",Member,Male,Health and beauty,43.7,2,4.37,91.77,2019-03-26 00:00:00,1899-12-31 18:03:00,Cash,87.4,4.761904762,4.37,4.9
848-95-6252,Giza,"Giza, Egypt",Member,Female,Home and lifestyle,86.27,1,4.3135,90.5835,2019-02-20 00:00:00,1899-12-31 13:24:00,Ewallet,86.27,4.761904762,4.3135,7
859-71-0933,Giza,"Giza, Egypt",Member,Female,Sports and travel,15.49,2,1.549,32.529,2019-01-16 00:00:00,1899-12-31 15:10:00,Cash,30.98,4.761904762,1.549,6.3
859-97-6048,Giza,"Giza, Egypt",Member,Male,Electronic accessories,84.25,2,8.425,176.925,2019-03-26 00:00:00,1899-12-31 14:13:00,Credit card,168.5,4.761904762,8.425,5.3
860-79-0874,Giza,"Giza, Egypt",Member,Female,Fashion accessories,99.3,10,49.65,1042.65,2019-02-15 00:00:00,1899-12-31 14:53:00,Credit card,993,4.761904762,49.65,6.6
861-77-0145,Giza,"Giza, Egypt",Member,Female,Electronic accessories,81.97,10,40.985,860.685,2019-03-03 00:00:00,1899-12-31 14:30:00,Cash,819.7,4.761904762,40.985,9.2
862-29-5914,Giza,"Giza, Egypt",Normal,Female,Sports and travel,22.38,1,1.119,23.499,2019-01-30 00:00:00,1899-12-31 17:08:00,Credit card,22.38,4.761904762,1.119,8.6
862-59-8517,Giza,"Giza, Egypt",Normal,Female,Food and beverages,90.24,6,27.072,568.512,2019-01-27 00:00:00,1899-12-31 11:17:00,Cash,541.44,4.761904762,27.072,6.2
866-99-7614,Giza,"Giza, Egypt",Normal,Male,Food and beverages,89.2,10,44.6,936.6,2019-02-11 00:00:00,1899-12-31 15:42:00,Credit card,892,4.761904762,44.6,4.4
867-47-1948,Giza,"Giza, Egypt",Normal,Female,Home and lifestyle,15.8,10,7.9,165.9,2019-01-09 00:00:00,1899-12-31 12:07:00,Cash,158,4.761904762,7.9,7.8
870-72-4431,Giza,"Giza, Egypt",Member,Female,Health and beauty,99.19,6,29.757,624.897,2019-01-21 00:00:00,1899-12-31 14:42:00,Credit card,595.14,4.761904762,29.757,5.5
871-39-9221,Giza,"Giza, Egypt",Member,Female,Electronic accessories,12.45,6,3.735,78.435,2019-02-09 00:00:00,1899-12-31 13:11:00,Cash,74.7,4.761904762,3.735,4.1
878-30-2331,Giza,"Giza, Egypt",Member,Female,Sports and travel,54.55,10,27.275,572.775,2019-03-02 00:00:00,1899-12-31 11:22:00,Credit card,545.5,4.761904762,27.275,7.1
881-41-7302,Giza,"Giza, Egypt",Normal,Female,Fashion accessories,64.99,1,3.2495,68.2395,2019-01-26 00:00:00,1899-12-31 10:06:00,Credit card,64.99,4.761904762,3.2495,4.5
883-17-4236,Giza,"Giza, Egypt",Normal,Female,Sports and travel,14.39,2,1.439,30.219,2019-03-02 00:00:00,1899-12-31 19:44:00,Credit card,28.78,4.761904762,1.439,7.2
885-56-0389,Giza,"Giza, Egypt",Member,Male,Fashion accessories,52.35,1,2.6175,54.9675,2019-02-12 00:00:00,1899-12-31 17:49:00,Cash,52.35,4.761904762,2.6175,4
886-77-9084,Giza,"Giza, Egypt",Normal,Male,Electronic accessories,71.89,8,28.756,603.876,2019-02-19 00:00:00,1899-12-31 11:33:00,Ewallet,575.12,4.761904762,28.756,5.5
887-42-0517,Giza,"Giza, Egypt",Normal,Female,Sports and travel,83.14,7,29.099,611.079,2019-01-10 00:00:00,1899-12-31 10:31:00,Credit card,581.98,4.761904762,29.099,6.6
894-41-5205,Giza,"Giza, Egypt",Normal,Female,Food and beverages,43.18,8,17.272,362.712,2019-01-19 00:00:00,1899-12-31 19:39:00,Credit card,345.44,4.761904762,17.272,8.3
